sex,age,studytime,failures,activities,higher,romantic,famrel,freetime,goout,absences,G3
F,18,2,0,no,yes,no,4,3,4,1,2
F,17,2,0,no,yes,no,5,3,3,1,2
F,15,2,0,no,yes,no,4,3,2,2,2
F,15,3,0,yes,yes,yes,3,2,2,1,2
F,16,2,0,no,yes,no,4,3,2,1,2
M,16,2,0,yes,yes,no,5,4,2,2,2
M,16,2,0,no,yes,no,4,4,4,1,2
F,17,2,0,no,yes,no,4,1,4,1,2
M,15,2,0,no,yes,no,4,2,2,1,3
M,15,2,0,yes,yes,no,5,5,1,1,2
F,15,2,0,no,yes,no,3,3,3,1,2
F,15,3,0,yes,yes,no,5,2,2,1,2
M,15,1,0,yes,yes,no,4,3,3,1,2
M,15,2,0,no,yes,no,5,4,3,1,2
M,15,3,0,no,yes,yes,4,5,2,1,3
F,16,1,0,no,yes,no,4,4,4,2,3
F,16,3,0,yes,yes,no,3,2,3,3,2
F,16,2,0,yes,yes,no,5,3,2,1,2
M,17,1,3,yes,yes,no,5,5,5,1,1
M,16,1,0,yes,yes,no,3,1,3,2,2
M,15,2,0,no,yes,no,4,4,1,1,2
M,15,1,0,no,yes,no,5,4,2,1,2
M,16,2,0,yes,yes,no,4,5,1,1,2
M,16,2,0,yes,yes,no,5,4,4,1,2
F,15,3,0,yes,yes,no,4,3,2,1,2
F,16,1,0,no,yes,no,1,2,2,2,2
M,15,1,0,no,yes,no,4,2,2,2,2
M,15,1,0,no,yes,no,2,2,4,1,2
M,16,2,0,yes,yes,no,5,3,3,1,2
M,16,2,0,yes,yes,yes,4,4,5,1,2
M,15,2,0,no,yes,no,5,4,2,1,2
M,15,2,0,yes,yes,no,4,3,1,1,3
M,15,2,0,yes,yes,yes,4,5,2,1,3
M,15,2,0,yes,yes,no,5,3,2,1,2
M,16,1,0,no,yes,no,5,4,3,1,2
F,15,1,0,yes,yes,no,3,5,1,1,2
M,15,3,0,yes,yes,no,5,4,3,1,2
M,16,3,0,yes,yes,yes,2,4,3,1,2
F,15,3,0,yes,yes,no,4,3,2,1,2
F,15,1,0,yes,yes,no,4,3,1,2,2
F,16,2,0,yes,yes,yes,3,3,3,4,2
M,15,1,0,no,yes,yes,5,4,3,2,2
M,15,2,0,yes,yes,no,4,3,3,1,3
M,15,1,0,no,yes,no,5,4,1,1,2
F,16,2,1,yes,yes,no,4,3,3,3,2
F,15,2,0,yes,yes,yes,5,2,2,1,2
F,16,2,0,no,yes,no,2,3,5,2,2
M,16,4,0,yes,yes,no,4,2,2,1,3
M,15,2,0,no,yes,no,4,3,3,1,2
F,15,2,0,yes,yes,no,4,4,4,1,2
F,16,2,0,no,yes,no,4,3,3,1,2
F,15,2,0,no,yes,no,4,3,3,1,3
M,15,1,0,no,yes,no,5,5,5,1,1
F,15,1,0,no,yes,no,3,3,4,1,2
F,15,1,0,no,yes,no,5,3,4,1,2
F,16,2,0,yes,yes,yes,5,3,4,1,2
F,15,2,0,yes,yes,no,4,3,2,1,3
M,15,2,0,yes,yes,no,3,2,2,2,3
M,15,2,0,yes,yes,no,4,3,2,1,2
F,16,2,0,no,yes,no,4,2,3,1,3
F,16,2,0,yes,yes,no,2,4,4,1,3
F,16,1,0,yes,yes,yes,5,5,5,1,3
F,16,2,0,yes,yes,no,4,4,3,1,2
F,16,3,0,yes,yes,no,3,4,4,1,2
F,15,2,0,yes,yes,yes,4,4,4,1,2
F,16,2,0,yes,yes,no,5,4,3,1,3
M,15,4,0,yes,yes,yes,1,3,3,1,2
F,16,4,0,no,yes,no,4,3,3,1,2
F,15,2,0,no,yes,no,4,1,3,1,2
F,15,4,0,no,yes,no,4,4,2,2,3
M,16,4,0,no,yes,no,4,3,2,1,2
M,15,4,0,no,yes,no,3,3,3,1,2
F,15,2,0,no,yes,yes,3,3,4,1,2
M,16,1,0,yes,yes,no,5,3,2,1,2
F,16,2,0,yes,yes,no,4,3,3,1,2
M,15,2,0,yes,yes,no,4,3,3,1,2
M,15,4,0,yes,yes,no,3,4,3,1,2
F,16,4,0,no,yes,yes,5,2,3,1,2
M,17,1,3,yes,no,no,4,5,1,1,2
F,16,2,0,no,yes,no,2,4,3,3,2
M,15,1,0,yes,yes,yes,3,2,2,1,2
M,15,3,0,no,yes,no,5,3,2,1,1
F,15,2,0,no,yes,no,4,4,4,1,2
M,15,2,0,yes,yes,no,5,3,3,1,2
F,15,2,0,yes,yes,no,4,3,2,1,2
F,15,2,0,no,yes,yes,4,4,4,1,2
F,16,2,0,no,yes,no,4,3,4,2,2
F,15,3,0,yes,yes,no,5,3,3,1,3
M,16,2,0,yes,yes,no,4,4,2,2,2
M,16,2,0,no,yes,no,4,1,3,2,2
F,16,3,0,no,yes,yes,4,3,3,1,2
F,15,1,0,yes,yes,no,4,5,5,2,2
F,16,2,0,no,yes,no,3,3,3,1,2
F,16,2,0,yes,yes,no,5,3,3,1,2
M,15,4,0,yes,yes,no,4,3,4,1,2
F,15,4,0,yes,yes,no,3,1,2,1,2
M,16,1,0,yes,yes,no,3,3,3,2,2
F,16,2,0,no,yes,yes,4,3,5,1,2
F,16,1,0,yes,yes,no,5,3,4,1,2
F,16,3,0,no,yes,no,5,3,5,1,2
M,16,1,0,yes,yes,no,4,5,5,3,1
M,16,3,0,yes,yes,yes,4,4,3,1,3
M,15,1,0,yes,yes,no,5,3,3,1,2
F,15,2,0,no,yes,no,4,3,5,4,2
M,15,2,0,yes,yes,no,5,4,4,1,3
F,15,4,0,no,yes,no,4,3,3,3,2
F,15,4,0,no,yes,no,5,1,2,1,2
M,16,3,0,yes,yes,no,5,3,3,1,2
M,15,4,0,yes,yes,yes,1,3,5,2,2
F,16,3,0,yes,yes,yes,5,4,5,1,2
M,15,1,0,yes,yes,no,5,5,3,1,2
F,16,3,0,yes,yes,no,4,1,2,1,2
F,16,2,1,yes,yes,no,3,1,2,3,2
M,15,1,0,no,yes,no,3,5,2,3,3
M,15,2,0,yes,yes,yes,5,4,2,1,2
M,16,2,0,yes,yes,no,5,4,4,2,2
M,15,2,0,yes,yes,no,4,4,3,1,3
M,16,1,0,yes,yes,no,5,4,2,2,3
M,17,2,1,yes,yes,no,5,2,4,3,2
M,15,1,0,no,yes,no,3,4,3,1,2
F,15,2,0,no,yes,no,3,2,3,1,2
M,15,4,0,yes,yes,no,5,5,4,2,2
F,16,2,0,yes,yes,yes,4,2,2,1,2
M,16,1,0,yes,yes,no,3,4,4,1,2
F,16,2,0,no,yes,yes,5,4,4,1,2
M,15,1,0,no,yes,no,5,5,5,1,1
F,15,2,0,yes,yes,yes,5,3,2,1,2
F,19,2,2,no,no,no,3,4,2,1,2
M,16,1,0,yes,yes,no,3,5,5,2,3
M,16,3,0,no,yes,yes,3,2,3,1,2
F,15,3,0,no,yes,yes,4,2,2,1,2
F,18,2,3,yes,no,yes,5,4,5,3,1
F,17,1,0,no,yes,no,3,2,2,2,2
F,15,1,0,yes,yes,yes,4,3,3,2,2
F,17,1,0,no,yes,yes,3,4,4,1,2
F,16,1,0,no,yes,no,3,2,1,3,2
M,16,1,0,no,yes,no,3,2,1,1,2
F,16,1,1,no,yes,no,5,3,4,3,2
M,15,2,0,no,yes,yes,5,3,3,1,2
F,15,3,0,yes,yes,yes,4,3,3,1,3
M,17,2,0,no,yes,no,5,4,5,1,2
F,16,2,0,no,yes,no,5,1,3,1,2
M,18,1,0,yes,yes,yes,3,3,4,1,2
F,18,3,0,yes,yes,yes,4,3,3,3,2
F,16,1,0,yes,yes,yes,3,3,3,2,2
F,16,1,0,yes,yes,yes,4,3,2,1,2
M,16,2,2,no,yes,yes,4,4,4,1,2
F,15,1,0,yes,yes,no,4,3,2,2,2
F,15,1,1,yes,yes,yes,5,5,5,1,1
M,15,4,0,no,yes,no,2,2,2,2,2
F,15,2,0,no,yes,yes,1,3,2,5,1
M,16,3,0,yes,yes,no,5,3,3,1,2
M,16,1,0,yes,yes,no,2,3,3,1,2
F,15,3,0,yes,yes,no,4,2,2,1,2
F,16,1,0,no,yes,no,3,4,4,1,2
M,17,1,0,no,yes,no,5,4,5,5,1
F,15,2,0,no,yes,no,4,4,2,1,2
F,15,1,0,yes,no,yes,4,4,2,1,2
F,15,2,1,no,yes,no,3,3,2,1,2
F,15,2,0,no,yes,no,4,3,2,2,2
F,15,2,0,no,yes,yes,2,3,4,2,2
M,16,1,0,no,no,yes,3,3,2,4,1
M,15,1,0,no,yes,no,4,5,5,1,2
M,18,1,2,no,no,yes,2,3,5,1,1
M,16,1,1,yes,yes,yes,4,4,4,2,2
F,15,3,0,yes,yes,yes,4,2,1,1,2
M,19,1,0,no,no,yes,4,5,4,2,2
F,17,1,0,no,yes,yes,4,2,1,1,2
M,15,2,0,yes,yes,no,4,4,4,1,1
M,17,1,3,no,yes,no,2,2,2,3,2
F,18,1,3,yes,yes,no,5,2,5,2,2
M,16,1,0,no,yes,no,4,2,2,1,2
M,16,2,1,no,yes,yes,4,5,5,1,1
M,16,1,2,no,yes,no,4,4,5,1,2
M,17,1,1,yes,no,yes,3,3,2,2,1
M,17,2,2,no,yes,yes,4,4,4,1,1
M,15,1,0,yes,yes,no,4,4,4,1,2
M,16,1,1,no,no,no,5,3,3,1,1
M,17,2,0,yes,no,yes,5,3,5,1,1
M,17,1,3,yes,no,no,4,5,2,3,1
M,16,2,0,no,no,no,4,3,5,1,2
F,16,2,0,no,yes,yes,4,2,3,1,3
F,16,2,0,no,yes,no,5,1,5,1,2
F,16,2,0,no,yes,yes,4,4,2,1,3
M,16,1,1,yes,yes,no,3,4,5,1,2
M,16,2,0,yes,yes,yes,4,3,2,1,3
M,17,2,0,yes,yes,no,4,4,4,1,2
F,16,2,0,yes,yes,yes,4,3,5,1,2
F,16,2,0,yes,yes,no,4,4,5,1,3
M,17,2,0,yes,yes,no,4,4,4,1,2
F,16,2,0,yes,yes,no,3,4,4,1,2
M,17,2,0,yes,yes,no,4,3,4,1,2
M,16,1,0,yes,yes,yes,4,3,3,2,2
M,17,2,0,yes,yes,yes,5,2,3,1,2
M,16,2,0,yes,yes,no,3,4,3,1,2
M,16,2,0,yes,yes,yes,4,2,3,1,2
F,17,2,0,yes,yes,no,5,4,2,1,3
F,17,2,0,yes,yes,yes,5,3,3,5,2
F,16,2,0,no,yes,no,1,2,2,2,3
M,17,2,0,yes,yes,yes,4,3,4,2,2
M,16,1,0,yes,yes,yes,3,3,3,1,2
M,16,2,0,yes,yes,yes,4,2,3,1,3
F,17,2,0,no,yes,yes,3,3,3,3,2
M,17,2,0,no,yes,no,3,1,3,2,2
F,16,2,0,no,yes,no,4,3,3,2,2
F,17,2,0,yes,yes,no,5,3,3,1,2
M,17,2,0,yes,yes,no,4,4,4,4,2
M,16,1,0,yes,yes,no,4,3,2,1,2
M,16,1,0,no,yes,no,5,3,3,1,2
F,17,2,0,yes,yes,yes,4,3,2,2,3
M,17,1,0,no,yes,no,5,2,3,1,2
M,16,1,0,yes,yes,no,3,3,4,4,2
F,17,1,1,no,yes,no,4,2,4,5,3
F,16,2,0,no,yes,no,4,5,2,1,2
F,16,2,0,yes,yes,no,4,3,5,1,3
F,16,2,0,yes,yes,no,4,4,3,1,2
F,17,2,0,no,yes,no,4,4,4,1,3
F,17,1,0,no,yes,no,5,3,2,5,2
F,16,4,0,yes,yes,no,5,3,5,2,2
F,17,3,1,no,yes,yes,4,4,3,3,1
F,16,2,0,no,yes,no,2,3,3,1,2
F,16,2,0,yes,yes,yes,1,3,2,1,3
F,16,1,0,no,yes,no,4,3,2,1,2
F,17,3,0,yes,yes,yes,4,4,2,1,2
F,19,4,0,yes,yes,no,4,3,3,1,2
M,17,2,0,no,yes,yes,5,3,5,4,2
F,16,2,0,no,yes,no,3,3,4,1,2
M,18,2,0,yes,yes,no,4,4,4,3,2
F,17,1,0,no,yes,no,5,2,1,2,2
F,17,2,0,no,yes,no,4,4,4,1,3
F,17,2,0,no,yes,yes,3,4,5,4,2
M,18,2,0,no,yes,no,3,2,4,3,2
F,17,1,0,no,yes,no,3,3,3,1,2
F,17,3,0,yes,yes,no,4,3,3,1,2
F,17,2,0,yes,yes,no,4,2,5,1,2
F,17,3,0,yes,yes,yes,4,3,4,3,2
F,16,2,0,no,yes,no,2,3,1,1,2
M,18,2,3,no,yes,no,3,3,3,2,2
F,16,3,0,yes,yes,no,5,3,2,1,3
F,18,2,0,yes,yes,yes,5,3,3,1,1
F,17,2,0,yes,yes,no,5,3,4,1,3
M,17,2,0,no,yes,no,5,3,3,1,2
M,18,2,0,yes,yes,yes,4,3,2,1,2
F,17,3,0,yes,yes,yes,3,2,3,1,3
F,17,2,0,yes,yes,yes,3,2,3,1,2
M,17,2,0,yes,yes,no,4,5,2,1,2
M,17,2,0,yes,yes,yes,4,5,5,1,2
M,16,2,0,yes,yes,no,4,2,4,1,2
M,16,2,0,no,yes,no,3,4,2,1,1
M,16,3,0,yes,yes,yes,5,3,3,1,2
M,17,2,0,yes,yes,yes,4,4,2,1,3
F,16,1,0,no,yes,yes,4,5,2,1,2
F,16,2,0,yes,yes,yes,5,3,3,1,2
F,18,2,1,no,yes,no,4,3,3,4,2
F,18,2,1,no,yes,yes,5,3,1,4,2
F,18,1,1,no,no,no,4,1,1,3,1
M,18,1,1,yes,no,yes,4,4,3,5,1
M,17,1,0,yes,yes,no,4,2,1,2,1
F,17,2,0,yes,yes,no,5,4,2,1,3
F,17,3,0,yes,yes,yes,4,3,2,3,2
F,16,1,0,no,no,no,5,3,5,1,2
F,17,2,0,yes,yes,no,2,1,1,1,2
F,17,1,1,no,yes,no,5,5,4,3,1
M,18,2,0,no,no,no,5,5,4,4,1
F,17,1,1,no,no,no,3,1,2,2,2
F,17,3,0,yes,yes,no,4,3,3,1,3
F,17,2,0,yes,yes,no,4,3,2,1,2
M,17,2,0,yes,yes,yes,2,5,5,2,3
M,17,2,0,no,yes,no,3,3,3,1,2
M,16,1,0,yes,yes,no,5,4,5,2,3
M,16,1,0,yes,yes,no,5,3,2,1,3
F,17,2,0,no,yes,yes,5,3,1,1,2
M,17,3,0,no,yes,yes,4,3,3,1,3
F,17,3,0,no,yes,yes,4,2,2,3,2
F,17,2,0,no,yes,yes,4,3,2,3,2
F,18,3,0,no,yes,yes,4,4,4,3,2
M,16,1,0,no,yes,no,4,3,3,2,3
F,17,2,0,no,yes,no,4,3,4,1,2
M,17,1,0,no,yes,no,5,2,2,1,2
M,22,1,3,no,no,yes,5,4,5,3,1
M,18,2,0,no,yes,yes,4,3,3,2,2
M,16,1,0,no,yes,no,4,3,2,1,2
M,18,1,0,no,no,no,4,4,5,2,1
M,16,2,1,no,yes,no,5,3,3,1,2
M,18,1,2,no,no,no,3,2,5,1,1
M,16,1,0,yes,yes,no,3,3,2,1,2
M,17,1,0,no,yes,no,4,4,2,1,2
M,17,1,1,yes,yes,no,4,4,4,1,2
F,18,2,0,no,yes,yes,4,3,4,1,2
F,17,4,0,yes,yes,no,4,2,3,1,3
F,19,2,0,no,yes,no,4,3,3,1,2
M,18,2,1,yes,no,no,4,4,5,1,2
F,17,3,0,yes,yes,no,4,3,4,1,2
F,18,3,0,no,yes,no,4,4,3,1,2
F,18,2,0,no,yes,no,3,2,3,1,2
M,19,2,0,no,yes,no,4,3,1,1,2
M,18,2,0,yes,yes,no,5,2,4,1,3
M,17,1,0,no,no,no,5,2,2,1,2
F,17,4,0,yes,yes,yes,3,4,1,1,2
F,20,2,0,yes,no,yes,1,2,3,2,2
F,18,2,0,no,yes,yes,3,1,2,1,3
M,18,2,0,no,yes,no,4,3,2,1,2
M,18,3,0,yes,yes,no,5,3,2,1,2
F,17,3,0,yes,yes,no,3,2,3,1,2
F,18,3,0,yes,yes,yes,4,3,3,1,2
M,17,1,0,no,no,no,4,4,4,2,1
M,18,2,0,yes,yes,no,4,2,5,2,3
M,17,2,0,yes,yes,yes,5,4,4,1,2
F,18,2,0,yes,yes,no,4,3,4,2,2
M,18,2,0,yes,yes,yes,5,4,5,1,2
F,18,2,0,no,no,yes,4,3,5,3,2
F,19,2,0,yes,yes,no,4,3,5,4,2
F,18,4,0,yes,yes,yes,4,5,5,3,3
F,18,2,0,no,yes,no,4,4,3,1,2
M,17,2,0,yes,yes,yes,3,5,2,1,3
F,18,2,0,no,yes,yes,4,2,5,2,3
F,17,2,0,no,yes,yes,4,3,3,2,3
F,17,2,0,no,yes,yes,4,4,4,2,2
F,18,2,0,no,no,yes,4,1,1,4,2
M,18,1,0,yes,yes,no,3,2,4,2,2
F,18,2,1,yes,yes,yes,2,4,4,1,2
F,17,3,0,no,yes,yes,4,2,3,2,3
F,19,2,1,no,no,no,3,3,3,1,2
M,18,1,0,yes,yes,no,4,2,3,1,2
M,18,1,0,no,no,no,3,4,4,3,2
M,17,1,0,yes,yes,yes,4,5,4,5,2
M,17,1,0,no,yes,no,4,4,4,4,2
F,18,4,0,yes,yes,no,5,2,2,1,3
F,18,2,0,yes,yes,no,5,4,4,1,2
F,17,2,0,no,yes,no,5,4,5,3,2
F,18,2,0,yes,yes,yes,4,3,1,3,2
M,17,2,0,no,yes,no,4,3,3,1,2
F,18,3,0,no,yes,no,4,3,3,1,3
F,17,3,0,no,yes,no,4,3,3,1,2
M,18,3,0,yes,yes,no,4,2,4,1,3
M,18,2,0,yes,yes,no,5,4,3,1,3
M,18,2,0,yes,yes,yes,4,3,2,1,3
F,17,3,0,no,yes,no,4,2,2,1,3
F,17,4,0,no,yes,no,3,1,2,1,3
M,18,3,0,yes,yes,no,5,4,2,1,3
M,17,1,0,no,yes,no,4,4,3,1,3
F,19,2,0,yes,yes,no,2,3,4,1,2
F,18,2,0,no,yes,yes,4,4,5,1,2
F,18,4,0,no,yes,no,4,3,3,1,3
M,18,1,0,no,yes,yes,1,4,2,1,3
F,18,2,0,no,yes,yes,4,2,4,1,3
M,17,1,0,no,yes,no,4,1,1,1,2
F,17,3,0,yes,yes,no,5,3,4,1,1
F,17,3,0,no,yes,no,4,3,3,1,3
F,17,4,0,yes,yes,no,5,2,2,1,3
M,19,3,1,yes,yes,yes,4,3,1,1,2
M,20,1,2,yes,yes,no,5,5,3,1,3
M,19,2,0,yes,yes,yes,4,5,3,1,2
F,18,2,0,no,yes,yes,3,4,4,1,2
F,18,2,0,yes,yes,no,5,3,3,1,3
F,17,2,0,yes,yes,yes,4,2,1,1,2
F,17,1,0,yes,yes,no,4,4,4,1,3
F,18,3,0,yes,yes,yes,4,3,4,1,3
F,18,1,0,no,yes,no,3,2,4,2,3
F,17,3,0,yes,yes,no,4,3,4,1,3
F,18,2,0,no,yes,no,4,1,4,2,2
M,19,2,0,yes,yes,yes,5,4,4,2,2
F,18,2,0,no,yes,no,4,4,4,1,2
F,18,1,0,yes,yes,yes,5,4,4,1,2
F,17,1,0,yes,yes,no,5,3,4,1,3
F,17,2,0,no,yes,yes,5,2,2,3,3
F,17,2,0,no,yes,no,5,3,3,1,2
F,17,2,0,yes,yes,no,4,2,3,1,2
M,18,1,0,no,yes,no,4,2,5,1,2
F,19,3,0,yes,no,yes,1,5,5,3,2
F,19,2,2,no,yes,yes,5,3,4,1,1
F,18,1,0,yes,yes,yes,4,3,5,1,2
F,17,2,0,no,yes,yes,4,2,2,1,2
F,17,3,0,yes,yes,no,3,3,2,1,2
F,17,3,0,no,yes,no,3,4,3,1,3
F,17,3,0,no,yes,no,3,3,3,1,3
F,18,3,0,yes,yes,no,4,5,5,1,2
M,18,3,0,yes,yes,no,4,3,3,1,2
M,17,1,0,yes,yes,no,4,3,5,1,3
M,17,1,0,no,yes,no,4,4,5,1,2
F,17,3,0,yes,yes,no,5,4,4,1,2
F,17,3,0,no,yes,yes,4,3,3,1,3
F,17,1,0,yes,yes,no,4,2,5,1,2
M,18,4,0,yes,yes,no,4,5,5,1,2
M,19,1,0,no,yes,yes,5,3,4,1,2
F,18,2,0,yes,yes,yes,4,2,5,1,2
F,17,3,0,no,yes,yes,4,4,3,1,3
M,18,1,0,no,yes,no,5,4,2,2,3
F,18,2,0,yes,yes,no,5,3,4,2,2
F,18,2,0,yes,yes,yes,4,3,3,1,2
F,18,4,0,yes,yes,no,4,4,4,2,2
F,17,3,0,no,yes,no,4,4,5,2,2
F,17,2,0,no,yes,yes,4,3,2,1,3
F,18,4,0,no,yes,no,5,3,3,1,3
F,17,2,0,no,yes,no,4,3,3,1,3
M,18,2,0,yes,yes,no,4,3,3,1,2
M,18,2,0,yes,yes,yes,4,3,3,2,3
F,17,2,0,no,yes,yes,3,3,1,4,2
F,18,3,0,no,yes,no,4,3,3,1,2
F,18,3,0,no,yes,yes,5,4,3,1,3
M,18,3,0,no,yes,yes,5,3,2,1,3
M,18,3,0,no,yes,yes,5,4,5,1,2
F,17,3,0,yes,yes,yes,4,4,3,1,2
F,17,2,0,yes,yes,yes,4,3,4,3,3
F,17,2,0,yes,yes,no,4,3,5,1,3
F,19,1,1,no,no,no,2,2,3,4,2
F,17,1,1,no,yes,yes,4,1,2,2,2
F,21,3,2,yes,yes,no,3,3,2,1,2
M,18,2,0,yes,no,no,4,4,4,3,2
M,18,2,0,yes,yes,yes,4,3,5,2,3
F,17,2,0,yes,yes,no,4,3,4,1,3
M,17,3,0,no,yes,no,4,4,2,1,3
F,18,2,0,yes,yes,no,4,2,2,1,3
M,21,2,2,yes,no,yes,5,3,3,5,2
F,20,3,0,no,yes,yes,3,2,2,2,3
F,19,1,1,no,yes,yes,3,2,5,2,2
M,17,2,0,no,yes,no,4,4,4,3,3
F,18,3,0,no,yes,yes,4,3,4,2,3
M,18,1,0,no,yes,no,3,1,3,3,2
M,19,1,0,no,yes,no,5,3,4,3,2
F,18,2,0,no,yes,no,4,1,4,3,3
F,20,1,1,no,yes,yes,5,3,1,2,2
F,18,2,0,yes,yes,yes,3,1,2,1,2
F,16,1,0,no,no,yes,4,3,3,3,2
F,16,2,0,yes,yes,no,4,4,4,1,2
F,15,1,1,no,yes,yes,4,1,3,2,2
F,15,1,0,no,yes,no,5,4,4,1,2
F,16,2,0,no,yes,no,4,5,2,1,3
F,15,1,0,no,no,no,1,3,4,1,1
M,16,2,0,no,yes,no,5,3,2,2,2
M,16,3,0,no,yes,no,4,4,3,1,2
F,17,2,1,no,yes,yes,4,5,4,1,2
F,17,1,1,no,no,no,5,4,4,1,1
F,15,1,0,no,yes,yes,1,5,1,1,2
F,16,4,0,yes,no,yes,1,2,1,1,2
F,15,2,0,no,yes,no,5,4,3,1,2
F,15,1,1,no,yes,yes,4,4,3,1,1
F,16,1,0,yes,yes,no,3,2,3,1,2
F,17,1,0,no,yes,no,5,5,5,1,2
F,15,1,0,no,yes,no,4,1,3,1,3
M,16,2,0,yes,yes,yes,5,4,5,1,1
M,17,2,0,no,yes,no,4,4,3,1,1
M,15,2,0,yes,yes,no,5,3,4,1,2
M,15,2,0,yes,yes,no,5,3,4,2,1
M,16,2,0,no,yes,no,3,4,5,1,2
M,15,2,0,yes,yes,yes,5,4,5,2,1
M,15,2,0,yes,yes,no,5,3,3,1,2
M,17,1,0,yes,no,yes,5,5,5,2,1
F,16,3,0,yes,yes,yes,4,2,2,2,3
F,15,1,0,no,yes,no,5,1,2,1,2
F,16,2,0,no,yes,no,4,5,4,1,3
M,16,2,0,no,yes,no,4,3,3,1,2
F,16,2,0,no,yes,no,4,4,5,1,2
F,16,3,1,no,yes,no,1,3,2,1,1
F,16,3,1,no,yes,no,1,3,2,1,1
F,15,2,0,no,yes,no,4,4,2,1,1
F,16,2,0,no,yes,yes,5,4,3,1,3
M,17,1,0,yes,yes,no,5,5,5,1,2
F,16,4,0,no,yes,no,4,3,2,1,2
F,16,3,0,no,yes,no,4,4,3,1,2
F,15,2,0,yes,yes,no,4,3,3,1,2
F,16,1,0,yes,yes,yes,4,2,2,1,2
F,15,2,0,no,yes,no,4,2,1,1,2
F,15,3,0,no,yes,no,4,4,3,1,2
M,16,1,0,yes,yes,no,3,4,4,2,2
F,18,2,1,yes,yes,yes,3,4,4,2,1
M,15,1,0,no,yes,no,3,2,3,1,2
F,16,2,0,yes,yes,no,5,3,4,1,2
M,15,1,0,no,yes,no,4,3,3,1,2
M,16,2,0,yes,yes,yes,4,3,1,1,2
F,15,2,0,no,yes,yes,4,5,4,1,2
F,16,2,1,yes,yes,no,4,4,4,1,2
F,16,1,0,yes,yes,yes,4,3,2,1,3
M,16,1,0,yes,yes,no,2,4,3,1,2
M,15,1,0,yes,yes,no,4,2,4,1,2
F,15,3,0,yes,yes,no,5,3,2,1,2
F,16,1,0,no,yes,yes,5,4,3,1,1
M,15,1,0,yes,yes,no,4,3,3,3,2
F,16,2,3,no,yes,no,3,4,3,1,1
F,17,1,0,yes,no,no,4,5,3,1,2
F,19,1,1,no,no,yes,4,4,4,1,2
F,17,1,0,yes,no,yes,5,5,3,1,2
F,15,1,0,no,no,yes,5,2,1,1,1
F,16,2,0,no,no,no,3,4,5,1,2
F,16,1,0,no,no,no,4,3,4,2,1
F,17,2,0,no,yes,no,4,3,5,1,2
F,16,1,1,yes,yes,no,4,4,3,1,2
F,18,3,2,no,no,yes,3,3,2,2,2
F,19,3,1,yes,no,yes,5,3,1,2,1
M,18,1,1,yes,no,no,4,4,3,1,2
F,18,1,1,no,no,yes,3,2,3,1,2
F,19,2,1,no,yes,yes,1,1,4,3,1
F,16,2,0,no,yes,yes,3,3,2,1,2
F,17,1,0,yes,yes,no,2,4,4,2,2
F,16,2,0,yes,no,no,4,4,5,1,1
F,16,1,0,yes,no,yes,4,5,4,1,2
F,16,1,0,yes,yes,yes,4,4,4,1,2
M,17,4,1,yes,yes,no,5,4,5,1,2
F,16,2,0,yes,yes,no,5,3,3,1,2
F,16,1,0,yes,yes,yes,4,2,5,1,3
M,17,1,1,yes,no,yes,5,3,5,3,1
M,16,1,0,yes,yes,no,4,2,5,2,2
M,17,4,1,no,yes,no,1,3,5,1,1
F,16,4,0,yes,yes,no,2,2,1,1,2
F,19,3,0,no,yes,yes,5,4,5,1,2
F,17,1,0,yes,yes,yes,4,4,5,1,2
F,20,2,1,yes,yes,yes,3,3,4,2,2
F,17,3,0,no,yes,yes,4,3,3,1,2
M,17,1,1,no,yes,no,4,4,5,1,1
F,16,2,0,no,yes,no,5,3,2,1,3
F,17,2,0,yes,yes,no,5,3,2,1,3
F,17,2,0,no,yes,yes,4,4,5,1,2
F,18,2,1,no,yes,yes,4,3,2,2,1
F,16,1,0,yes,yes,no,3,1,3,1,1
F,16,1,0,no,yes,no,3,1,3,1,1
F,18,2,0,no,yes,no,2,3,5,2,2
F,16,2,0,yes,yes,yes,4,3,3,1,3
F,16,1,0,yes,yes,no,5,4,5,1,3
F,18,2,1,no,yes,no,2,3,2,2,1
M,16,2,0,yes,yes,no,5,2,1,1,1
F,16,2,0,no,yes,no,4,3,2,2,1
F,16,2,0,yes,yes,no,3,3,3,1,2
F,16,2,0,no,yes,yes,4,3,4,1,1
M,18,4,0,yes,no,yes,5,5,5,1,1
F,16,2,0,no,yes,no,4,2,1,1,1
M,17,3,0,no,yes,no,4,4,3,1,3
F,17,1,0,no,yes,yes,4,2,3,1,2
M,16,3,0,no,yes,no,5,1,3,1,2
F,17,1,0,no,yes,no,5,1,3,2,1
F,16,1,0,no,yes,no,5,1,3,1,2
M,17,1,0,yes,yes,no,4,1,4,2,1
M,17,2,0,no,yes,yes,5,1,3,1,2
M,16,2,0,no,yes,yes,4,2,2,1,1
F,16,2,0,no,yes,yes,3,2,2,1,3
M,16,1,0,no,yes,no,4,1,2,1,2
M,15,2,0,yes,yes,no,5,5,5,3,2
M,15,4,0,yes,yes,no,5,4,5,2,2
M,15,1,0,yes,yes,no,4,3,3,3,2
F,16,3,0,no,yes,yes,4,3,3,1,2
F,16,2,0,yes,yes,no,1,2,4,2,2
F,17,1,0,no,yes,yes,4,3,3,2,2
F,17,2,0,no,yes,no,5,1,3,1,2
F,16,3,0,no,yes,yes,5,3,5,1,2
M,17,1,3,yes,yes,yes,3,3,3,1,1
M,17,1,0,yes,yes,yes,5,1,2,1,2
M,17,2,1,yes,yes,yes,5,4,4,2,1
F,17,2,0,no,yes,no,5,2,5,1,3
M,16,1,0,no,yes,no,4,1,2,1,2
F,17,2,0,yes,yes,yes,4,5,5,1,2
F,17,2,0,no,yes,no,4,3,3,1,3
M,16,2,0,no,yes,yes,4,1,2,1,2
M,17,2,0,no,yes,no,4,1,2,1,2
M,19,2,2,yes,no,no,4,4,3,1,2
M,17,1,0,no,yes,yes,4,1,2,1,2
F,17,1,0,yes,no,yes,3,5,5,1,2
F,16,3,0,no,yes,yes,4,3,4,2,2
M,16,1,0,no,yes,no,4,4,4,1,2
F,17,2,3,yes,yes,yes,5,4,4,1,2
M,17,1,0,yes,no,yes,5,5,5,1,2
M,18,1,1,no,yes,no,4,3,2,1,2
M,17,1,0,yes,yes,yes,4,5,5,1,2
M,18,2,0,yes,yes,no,4,3,3,2,2
F,16,2,0,yes,yes,yes,5,4,3,1,2
M,17,1,1,yes,yes,yes,1,2,1,1,1
M,16,1,0,no,yes,no,4,5,5,1,2
M,16,1,0,yes,yes,no,4,5,5,1,1
M,18,1,1,no,no,yes,5,3,3,1,1
M,18,1,1,no,no,no,2,3,1,1,1
M,19,1,3,yes,yes,no,3,2,1,1,1
M,18,2,2,yes,no,no,4,4,5,2,1
M,16,1,0,yes,yes,yes,5,4,3,2,1
M,19,1,3,yes,no,yes,4,4,3,1,1
F,16,2,2,yes,yes,yes,2,5,5,2,1
F,17,1,0,yes,yes,no,4,3,2,2,2
M,20,1,1,no,no,yes,4,4,3,3,2
F,18,1,0,no,yes,no,5,4,4,2,2
M,18,1,0,no,yes,no,2,5,5,2,2
M,19,2,1,no,yes,no,5,4,4,2,2
M,17,2,1,no,yes,no,4,5,4,1,2
M,18,1,0,no,no,yes,4,3,3,1,1
M,19,1,1,no,yes,no,4,4,4,1,2
F,18,2,2,no,yes,no,4,3,3,1,1
F,19,1,0,no,no,no,1,4,4,1,1
F,18,1,1,no,no,yes,5,5,5,1,1
F,17,1,0,no,yes,no,4,4,3,1,2
F,17,3,0,no,no,no,4,2,3,2,1
F,17,2,0,yes,yes,no,5,5,5,1,1
F,18,2,1,yes,yes,no,2,3,3,1,1
F,17,1,0,no,yes,yes,3,2,2,,1
F,17,1,0,no,yes,no,5,5,1,1,2
F,18,2,2,yes,yes,yes,3,4,4,1,1
F,18,2,0,yes,yes,no,4,3,5,1,2
F,17,1,0,no,yes,no,4,4,3,1,2
F,18,2,0,no,yes,no,4,4,3,1,2
F,18,2,0,yes,yes,no,4,3,5,1,3
M,18,1,0,yes,yes,no,5,4,5,1,3
F,17,2,0,no,yes,no,4,3,3,1,3
F,18,2,1,yes,yes,yes,4,3,3,1,1
M,18,1,0,no,yes,no,4,1,4,2,2
M,18,1,0,yes,yes,yes,2,5,5,2,2
M,17,1,0,no,no,no,4,2,3,1,2
F,18,2,0,no,yes,yes,1,3,1,1,2
F,18,3,0,no,yes,yes,5,4,5,1,2
F,18,2,0,yes,yes,yes,5,3,1,1,1
F,18,2,1,no,no,no,4,4,2,1,2
F,19,1,1,no,no,no,5,5,5,1,1
F,17,4,0,no,yes,yes,4,2,3,1,3
F,17,2,0,yes,yes,yes,5,3,3,2,2
F,18,2,0,no,yes,yes,5,2,3,1,2
F,18,2,0,no,no,no,4,1,1,1,2
F,19,2,3,yes,no,yes,3,5,4,1,1
F,18,3,0,no,yes,yes,4,2,1,2,3
M,17,2,1,yes,yes,yes,4,5,5,1,2
F,18,2,0,no,yes,yes,5,3,4,1,2
F,17,2,0,yes,yes,no,4,3,3,1,2
F,17,2,0,no,yes,yes,1,2,3,1,3
M,18,1,0,no,yes,yes,3,3,2,1,2
F,18,3,0,no,yes,no,5,3,2,1,3
F,18,2,0,no,yes,yes,4,3,4,1,3
F,18,2,0,no,yes,yes,4,3,2,2,2
F,17,2,0,yes,yes,yes,2,3,4,1,3
F,17,2,0,no,yes,no,3,2,2,1,2
M,18,2,0,no,yes,no,3,3,4,1,1
M,18,3,0,no,yes,yes,4,2,2,1,3
F,17,1,1,no,yes,yes,5,2,1,1,1
F,18,1,0,no,yes,yes,5,2,3,1,2
F,18,2,0,no,yes,yes,3,2,2,1,1
M,18,1,0,yes,no,yes,4,3,3,1,2
F,17,3,0,yes,yes,yes,3,4,3,2,2
F,17,1,0,yes,yes,no,3,5,5,1,1
F,18,3,0,no,yes,no,5,4,4,1,3
F,18,3,0,no,yes,no,4,3,2,1,2
F,19,2,1,no,yes,yes,4,3,3,1,1
F,18,2,0,yes,yes,no,5,4,3,1,2
F,18,2,0,no,yes,yes,4,1,3,1,3
F,17,2,0,yes,yes,no,4,5,4,3,1
M,18,2,0,yes,yes,no,3,2,4,1,3
M,18,1,0,yes,yes,yes,4,4,3,1,1
M,17,2,0,yes,yes,no,4,4,3,1,3
M,19,1,1,no,yes,no,4,3,2,1,1
M,18,1,1,no,yes,no,5,4,3,1,1
F,18,3,0,no,yes,no,5,3,3,1,3
F,17,2,0,no,yes,no,5,5,4,1,2
F,18,1,0,yes,yes,yes,4,4,3,1,2
F,19,3,1,yes,yes,no,5,4,2,1,2
F,18,2,0,no,yes,no,4,3,4,1,3
F,18,2,0,yes,yes,no,1,1,1,2,1
M,17,1,0,no,yes,no,2,4,5,2,2
M,18,1,0,no,yes,no,4,4,1,1,2
